Problem,Sampler,Radius,Time,NumSteps,Q,X0,X1
MinLeviFunctionNum13,PopulationSampler,15,0.072464,1000,0.2975848078539363,1.3698720286046209,0.9363179033317528
MinLeviFunctionNum13,PopulationSampler,15,0.072716,1000,0.1861846014141699,1.0461811887669992,0.9064571873006544
MinLeviFunctionNum13,PopulationSampler,15,0.071246,1000,0.15550997292406132,0.6697788439626637,0.9290461821035609
MinLeviFunctionNum13,PopulationSampler,15,0.072066,1000,0.08900868598794993,0.9961970843366688,0.6821106960522973
MinLeviFunctionNum13,PopulationSampler,15,0.072546,1000,0.059684556835604904,0.9948699724718848,1.294859114026025
MinLeviFunctionNum13,RadiusLimitedPopulationSampler,5,0.073568,1000,0.112637948097259,0.6653490837102282,1.0067121702504593
MinLeviFunctionNum13,RadiusLimitedPopulationSampler,5,0.073836,1000,0.29289287190192703,1.309542185490014,0.6462657279265409
MinLeviFunctionNum13,RadiusLimitedPopulationSampler,5,0.079178,1000,0.02282949348571329,1.0140122582516637,0.9022649873143094
MinLeviFunctionNum13,RadiusLimitedPopulationSampler,5,0.075787,1000,0.17572492915537985,0.6702489294386454,1.0898342087734156
MinLeviFunctionNum13,RadiusLimitedPopulationSampler,5,0.074052,1000,0.3048641633637671,0.9743685849420883,1.5061259030050902
MinLeviFunctionNum13,RadiusLimitedPopulationSampler,10,0.073725,1000,0.11504111509119917,0.9643014038673555,1.196620537335627
MinLeviFunctionNum13,RadiusLimitedPopulationSampler,10,0.074555,1000,0.004126764645191193,1.0000514947991106,0.8420175518295161
MinLeviFunctionNum13,RadiusLimitedPopulationSampler,10,0.073988,1000,0.048294682008312,1.000778460021003,0.7132140658037218
MinLeviFunctionNum13,RadiusLimitedPopulationSampler,10,0.072668,1000,0.33175747673323686,0.6406457343859171,0.6487634635495692
MinLeviFunctionNum13,RadiusLimitedPopulationSampler,10,0.072645,1000,0.18154908779600704,0.6670783704587353,0.7430050948023563
MinLeviFunctionNum13,RadiusLimitedPopulationSampler,15,0.07382,1000,0.3733567933802772,1.0628915719815248,0.7055651836399718
MinLeviFunctionNum13,RadiusLimitedPopulationSampler,15,0.073927,1000,0.6613510269959153,1.098860983656146,0.9298707552174688
MinLeviFunctionNum13,RadiusLimitedPopulationSampler,15,0.073738,1000,0.0067422155539500605,1.0048800115334315,1.0851504594886483
MinLeviFunctionNum13,RadiusLimitedPopulationSampler,15,0.0745,1000,0.11134346976036014,1.0348994334629165,1.0945240914331333
MinLeviFunctionNum13,RadiusLimitedPopulationSampler,15,0.073278,1000,0.21037608662880214,1.3152109738402515,0.6891896012121492
MinLeviFunctionNum13,RadiusLimitedPopulationSampler,20,0.074946,1000,0.06926447170700036,0.9985381972538907,1.3043420298739576
MinLeviFunctionNum13,RadiusLimitedPopulationSampler,20,0.074355,1000,0.12257919501269995,0.9632702296355748,1.099535248693998
MinLeviFunctionNum13,RadiusLimitedPopulationSampler,20,0.074015,1000,0.032727929129495084,0.9954916573334106,0.7316403269975842
MinLeviFunctionNum13,RadiusLimitedPopulationSampler,20,0.074322,1000,0.2000893047415283,0.6833910275633084,1.2352934963174387
MinLeviFunctionNum13,RadiusLimitedPopulationSampler,20,0.074729,1000,0.17652902847743074,1.329533316308352,1.281208118902644
MinLeviFunctionNum13,RadiusLimitedPopulationSampler,25,0.07589,1000,0.0668785806885707,0.9748333272734806,0.7667246748031828
MinLeviFunctionNum13,RadiusLimitedPopulationSampler,25,0.074747,1000,0.20376503546499117,1.0483990650085335,1.1188328847399904
MinLeviFunctionNum13,RadiusLimitedPopulationSampler,25,0.074786,1000,0.12797687061712798,0.6562118216845263,0.9969224149980238
MinLeviFunctionNum13,RadiusLimitedPopulationSampler,25,0.074984,1000,0.18490447820073597,0.9540330611656584,0.8494036632571559
MinLeviFunctionNum13,RadiusLimitedPopulationSampler,25,0.075626,1000,0.22705138540680686,1.0069143072139006,0.41249716954779325
MinLeviFunctionNum13,RadiusLimitedPopulationSampler,50,0.07708,1000,0.0023383281502818974,1.0007386014269963,1.0519142247493958
MinLeviFunctionNum13,RadiusLimitedPopulationSampler,50,0.077416,1000,0.23346059650411702,1.0138229712756406,0.5992006676775762
MinLeviFunctionNum13,RadiusLimitedPopulationSampler,50,0.07641,1000,0.4726945818262399,0.6722153385502425,1.483960307731377
MinLeviFunctionNum13,RadiusLimitedPopulationSampler,50,0.076461,1000,0.3293577386061961,1.0433748945563692,0.6308980516032843
MinLeviFunctionNum13,RadiusLimitedPopulationSampler,50,0.076473,1000,0.17694896088182835,0.9551192721733398,1.208699890167436
MinLeviFunctionNum13,PopulationSampler,15,0.343965,5000,0.0001742882016165012,1.000498569371995,1.0123832396819659
MinLeviFunctionNum13,PopulationSampler,15,0.345803,5000,1.0326073921197193e-05,0.9999566356033146,0.9968120113534096
MinLeviFunctionNum13,PopulationSampler,15,0.342289,5000,0.0015862481196325352,0.9958689016227824,1.0073572873861616
MinLeviFunctionNum13,PopulationSampler,15,0.34572,5000,0.0009379348752089108,1.0021950097032284,0.9771773196343512
MinLeviFunctionNum13,PopulationSampler,15,0.356701,5000,0.0004443708553039092,0.9996353318692123,0.9789290968692683
MinLeviFunctionNum13,RadiusLimitedPopulationSampler,5,0.359558,5000,6.0974260671793656e-05,1.0007252172638181,1.003707047541188
MinLeviFunctionNum13,RadiusLimitedPopulationSampler,5,0.355361,5000,5.5753994027905614e-05,1.000241034523311,1.007119481227614
MinLeviFunctionNum13,RadiusLimitedPopulationSampler,5,0.354196,5000,0.00028915884821399863,0.9982894144759556,1.0051355900810013
MinLeviFunctionNum13,RadiusLimitedPopulationSampler,5,0.350754,5000,0.00016566515252999962,0.998642168131321,0.9997542096295609
MinLeviFunctionNum13,RadiusLimitedPopulationSampler,5,0.350944,5000,0.00011130992204174779,0.9989001733657292,1.001630389098182
MinLeviFunctionNum13,RadiusLimitedPopulationSampler,10,0.356646,5000,5.511343538785046e-05,0.9996673221314909,1.0067299988846936
MinLeviFunctionNum13,RadiusLimitedPopulationSampler,10,0.352347,5000,2.0742733685669648e-05,1.0000858640370542,1.0044837916969906
MinLeviFunctionNum13,RadiusLimitedPopulationSampler,10,0.354386,5000,0.000513347630844286,1.0006552558976114,1.02210793775865
MinLeviFunctionNum13,RadiusLimitedPopulationSampler,10,0.357251,5000,0.00037859433868848264,0.9979486303958796,0.9991996847602119
MinLeviFunctionNum13,RadiusLimitedPopulationSampler,10,0.352536,5000,0.0001864932031146266,1.0010433542238732,0.9905568156409192
MinLeviFunctionNum13,RadiusLimitedPopulationSampler,15,0.356358,5000,0.00014626034205993897,0.9988103528590798,0.9956231140088516
MinLeviFunctionNum13,RadiusLimitedPopulationSampler,15,0.357165,5000,8.191312993933853e-05,0.999208847854468,1.0050722368595129
MinLeviFunctionNum13,RadiusLimitedPopulationSampler,15,0.353108,5000,0.0004683890530535874,0.9979806059818581,0.9898653506010947
MinLeviFunctionNum13,RadiusLimitedPopulationSampler,15,0.356006,5000,0.0004508067915240831,1.0009832600641946,0.9807109856610592
MinLeviFunctionNum13,RadiusLimitedPopulationSampler,15,0.356774,5000,0.00018376821366341179,1.000809328497023,0.9887812600503189
MinLeviFunctionNum13,RadiusLimitedPopulationSampler,20,0.358859,5000,0.0001623168531697023,1.0000563760232974,1.0127910494796886
MinLeviFunctionNum13,RadiusLimitedPopulationSampler,20,0.359462,5000,0.0007572920100203182,1.0027607400899707,1.0085488181019038
MinLeviFunctionNum13,RadiusLimitedPopulationSampler,20,0.35785,5000,6.514198901769395e-05,1.0008138748774476,1.00237578490547
MinLeviFunctionNum13,RadiusLimitedPopulationSampler,20,0.357653,5000,0.00010884500959266124,1.0009444774692944,1.0053633221198681
MinLeviFunctionNum13,RadiusLimitedPopulationSampler,20,0.356756,5000,0.0005358551348480157,1.000530429623033,1.0229525616015014
MinLeviFunctionNum13,RadiusLimitedPopulationSampler,25,0.361453,5000,0.0006333247733969508,1.0022839502267251,1.0128988318270018
MinLeviFunctionNum13,RadiusLimitedPopulationSampler,25,0.359482,5000,0.0008445068950215909,1.0030184382708767,0.9948678474247823
MinLeviFunctionNum13,RadiusLimitedPopulationSampler,25,0.359355,5000,0.0007001486769849116,0.9994846966446643,1.0265574081304896
MinLeviFunctionNum13,RadiusLimitedPopulationSampler,25,0.362741,5000,0.0006106169077374972,1.0017956197861315,0.9819106370758036
MinLeviFunctionNum13,RadiusLimitedPopulationSampler,25,0.356945,5000,1.3928743916630807e-05,1.0003791348644313,1.0010084158644141
MinLeviFunctionNum13,RadiusLimitedPopulationSampler,50,0.371858,5000,0.0012427933238424245,0.9967244117623675,0.9831543204505132
MinLeviFunctionNum13,RadiusLimitedPopulationSampler,50,0.372255,5000,0.0006560731792707281,1.0024252444711612,0.9886539117338589
MinLeviFunctionNum13,RadiusLimitedPopulationSampler,50,0.372753,5000,0.00020844161864022143,0.9992811780650868,0.987209358499525
MinLeviFunctionNum13,RadiusLimitedPopulationSampler,50,0.370089,5000,0.0005499776150577012,0.997527255948826,0.9990861783095499
MinLeviFunctionNum13,RadiusLimitedPopulationSampler,50,0.368884,5000,0.0010742523097286418,0.999711409301932,0.9662043972425205
MinLeviFunctionNum13,PopulationSampler,15,0.698675,10000,1.804193871427168e-08,0.9999933049777342,1.0001183876292823
MinLeviFunctionNum13,PopulationSampler,15,0.683269,10000,1.3694583028199477e-07,1.0000338898621992,1.000183788431462
MinLeviFunctionNum13,PopulationSampler,15,0.681204,10000,1.58162483996157e-08,0.9999905444007522,0.9999117672534998
MinLeviFunctionNum13,PopulationSampler,15,0.681136,10000,1.0554271073111187e-08,0.999992745388498,0.9999236667666305
MinLeviFunctionNum13,PopulationSampler,15,0.681537,10000,9.350227070579787e-08,1.0000233143240633,1.0002113682427036
MinLeviFunctionNum13,RadiusLimitedPopulationSampler,5,0.70095,10000,1.8717136852107724e-09,0.9999955301536912,1.0000087763317327
MinLeviFunctionNum13,RadiusLimitedPopulationSampler,5,0.713203,10000,3.890026901299664e-09,1.0000032621408679,1.0000541676442973
MinLeviFunctionNum13,RadiusLimitedPopulationSampler,5,0.707244,10000,1.7709071074276974e-09,1.0000036523789233,1.0000239297709572
MinLeviFunctionNum13,RadiusLimitedPopulationSampler,5,0.707107,10000,2.218466378948017e-08,0.9999849084286849,0.9999584524829044
MinLeviFunctionNum13,RadiusLimitedPopulationSampler,5,0.703405,10000,1.8407395200453505e-09,1.0000030921988294,0.9999686655671224
MinLeviFunctionNum13,RadiusLimitedPopulationSampler,10,0.707959,10000,3.286951341365445e-08,0.9999906880071251,1.0001583679621993
MinLeviFunctionNum13,RadiusLimitedPopulationSampler,10,0.702738,10000,1.6315123817710166e-08,1.000013305512001,0.9999796886241513
MinLeviFunctionNum13,RadiusLimitedPopulationSampler,10,0.713021,10000,6.195866691391765e-11,1.0000002509814223,1.000007503355867
MinLeviFunctionNum13,RadiusLimitedPopulationSampler,10,0.705312,10000,1.5521043153949479e-09,0.9999959535104072,0.9999909845030408
MinLeviFunctionNum13,RadiusLimitedPopulationSampler,10,0.702845,10000,7.056686687357912e-10,1.00000272478771,0.999993774637621
MinLeviFunctionNum13,RadiusLimitedPopulationSampler,15,0.714166,10000,4.6205260991350844e-08,1.000001680591822,0.9997856365674265
MinLeviFunctionNum13,RadiusLimitedPopulationSampler,15,0.730439,10000,9.77741206650404e-09,1.000008319038228,1.0000596728461182
MinLeviFunctionNum13,RadiusLimitedPopulationSampler,15,0.711397,10000,2.573828594600249e-09,1.0000023117110457,1.0000457580118138
MinLeviFunctionNum13,RadiusLimitedPopulationSampler,15,0.710094,10000,1.602781724287793e-08,1.0000122416850474,1.0000506609363016
MinLeviFunctionNum13,RadiusLimitedPopulationSampler,15,0.705888,10000,7.664729557515723e-09,1.0000092072931486,1.0000070541325896
MinLeviFunctionNum13,RadiusLimitedPopulationSampler,20,0.7141,10000,2.1375456178193565e-09,1.0000031309153308,1.0000354543408652
MinLeviFunctionNum13,RadiusLimitedPopulationSampler,20,0.714862,10000,7.782694356289304e-09,1.000007251688441,0.9999446918337954
MinLeviFunctionNum13,RadiusLimitedPopulationSampler,20,0.717579,10000,1.3790734806246581e-08,0.9999887126265564,0.9999515601853635
MinLeviFunctionNum13,RadiusLimitedPopulationSampler,20,0.71571,10000,1.2519969611504847e-08,0.999989821348482,0.9999433121994485
MinLeviFunctionNum13,RadiusLimitedPopulationSampler,20,0.714793,10000,5.729754228598001e-08,1.000006036814899,0.9997675690253843
MinLeviFunctionNum13,RadiusLimitedPopulationSampler,25,0.721759,10000,1.3997362221348429e-08,1.000012064445845,1.0000303816944751
MinLeviFunctionNum13,RadiusLimitedPopulationSampler,25,0.728744,10000,1.6121112113655794e-09,0.9999958061366311,0.9999943255148904
MinLeviFunctionNum13,RadiusLimitedPopulationSampler,25,0.728629,10000,1.311192185615867e-07,0.9999978278084765,1.000361519558975
MinLeviFunctionNum13,RadiusLimitedPopulationSampler,25,0.722748,10000,1.4417043016253648e-09,0.9999959967810779,0.9999985278643667
MinLeviFunctionNum13,RadiusLimitedPopulationSampler,25,0.720554,10000,5.033889937060271e-09,1.0000068798673738,1.000027967360954
MinLeviFunctionNum13,RadiusLimitedPopulationSampler,50,0.742822,10000,3.2464005859441178e-09,0.9999958578338382,0.9999587059328766
MinLeviFunctionNum13,RadiusLimitedPopulationSampler,50,0.747223,10000,1.4037504525623778e-08,1.0000090829750257,0.9999185949219956
MinLeviFunctionNum13,RadiusLimitedPopulationSampler,50,0.741727,10000,1.6245564313197088e-08,0.9999885929229806,1.000067507206323
MinLeviFunctionNum13,RadiusLimitedPopulationSampler,50,0.74521,10000,3.751072456899031e-08,1.0000070177370168,0.9998181017869372
MinLeviFunctionNum13,RadiusLimitedPopulationSampler,50,0.73889,10000,4.327112676351187e-08,1.0000043617062122,0.9997961315924736
MinLeviFunctionNum13,PopulationSampler,15,1.710582,25000,6.22530881470408e-22,1.0000000000019487,1.0000000000167764
MinLeviFunctionNum13,PopulationSampler,15,1.707306,25000,9.377214448819264e-22,0.9999999999980292,1.0000000000242661
MinLeviFunctionNum13,PopulationSampler,15,1.71078,25000,8.061805681444969e-21,0.9999999999963445,0.9999999999171661
MinLeviFunctionNum13,PopulationSampler,15,1.708267,25000,1.816753022624909e-21,0.9999999999983663,1.0000000000397113
MinLeviFunctionNum13,PopulationSampler,15,1.710613,25000,4.806053517704607e-21,0.9999999999927328,0.9999999999921149
MinLeviFunctionNum13,RadiusLimitedPopulationSampler,5,1.75945,25000,5.534282906433439e-23,1.0000000000000924,1.0000000000073876
MinLeviFunctionNum13,RadiusLimitedPopulationSampler,5,1.769551,25000,1.795408658733949e-23,1.0000000000003382,1.0000000000027724
MinLeviFunctionNum13,RadiusLimitedPopulationSampler,5,1.765343,25000,2.9383918933792987e-23,0.9999999999995591,0.999999999996547
MinLeviFunctionNum13,RadiusLimitedPopulationSampler,5,1.772054,25000,2.3501066838487113e-22,0.9999999999987746,1.000000000010007
MinLeviFunctionNum13,RadiusLimitedPopulationSampler,5,1.758052,25000,3.5513649143035423e-25,1.0000000000000573,1.0000000000002462
MinLeviFunctionNum13,RadiusLimitedPopulationSampler,10,1.763211,25000,3.722390923516192e-23,1.0000000000002558,0.9999999999944009
MinLeviFunctionNum13,RadiusLimitedPopulationSampler,10,1.774429,25000,7.261510191082173e-22,1.000000000000359,1.0000000000267315
MinLeviFunctionNum13,RadiusLimitedPopulationSampler,10,1.764852,25000,1.6679731678938137e-22,0.9999999999998268,1.0000000000128102
MinLeviFunctionNum13,RadiusLimitedPopulationSampler,10,1.787394,25000,3.392044515530881e-22,1.0000000000019265,1.000000000002421
MinLeviFunctionNum13,RadiusLimitedPopulationSampler,10,1.779061,25000,5.853056414213728e-22,1.0000000000021354,0.9999999999867448
MinLeviFunctionNum13,RadiusLimitedPopulationSampler,15,1.790835,25000,1.6032043756450137e-23,1.000000000000066,0.999999999996045
MinLeviFunctionNum13,RadiusLimitedPopulationSampler,15,1.796864,25000,1.3965538178441553e-22,0.9999999999999125,0.9999999999882115
MinLeviFunctionNum13,RadiusLimitedPopulationSampler,15,1.776433,25000,2.166836382534933e-21,0.9999999999954762,0.9999999999818754
MinLeviFunctionNum13,RadiusLimitedPopulationSampler,15,1.785872,25000,2.8801465900323055e-22,0.9999999999983482,1.0000000000065508
MinLeviFunctionNum13,RadiusLimitedPopulationSampler,15,1.782769,25000,6.922150115844559e-23,0.9999999999991518,0.9999999999978556
MinLeviFunctionNum13,RadiusLimitedPopulationSampler,20,1.788382,25000,9.558076083315858e-23,1.000000000000434,0.999999999991131
MinLeviFunctionNum13,RadiusLimitedPopulationSampler,20,1.788801,25000,1.2459721052220422e-22,0.999999999999201,1.0000000000082008
MinLeviFunctionNum13,RadiusLimitedPopulationSampler,20,1.791395,25000,8.21438068409246e-22,0.9999999999989605,0.9999999999730858
MinLeviFunctionNum13,RadiusLimitedPopulationSampler,20,1.794491,25000,3.6773681280424326e-22,1.0000000000020233,0.9999999999998478
MinLeviFunctionNum13,RadiusLimitedPopulationSampler,20,1.797286,25000,5.994957696808767e-22,0.9999999999974425,0.9999999999965411
MinLeviFunctionNum13,RadiusLimitedPopulationSampler,25,1.802251,25000,3.560651474288641e-21,1.0000000000012257,0.9999999999414704
MinLeviFunctionNum13,RadiusLimitedPopulationSampler,25,1.808769,25000,1.3255386968874132e-22,1.0000000000004474,1.0000000000107039
MinLeviFunctionNum13,RadiusLimitedPopulationSampler,25,1.803293,25000,1.1328967756437418e-22,0.9999999999989853,0.999999999995441
MinLeviFunctionNum13,RadiusLimitedPopulationSampler,25,1.794167,25000,7.501130959711466e-22,0.999999999999899,0.9999999999726286
MinLeviFunctionNum13,RadiusLimitedPopulationSampler,25,1.800388,25000,3.4847446335616185e-22,0.9999999999980843,0.9999999999956627
MinLeviFunctionNum13,RadiusLimitedPopulationSampler,50,1.858952,25000,9.32442506491608e-22,0.9999999999969064,1.0000000000085272
MinLeviFunctionNum13,RadiusLimitedPopulationSampler,50,1.851764,25000,5.273351495929124e-22,1.000000000002419,1.0000000000013276
MinLeviFunctionNum13,RadiusLimitedPopulationSampler,50,1.849925,25000,5.376833627417598e-22,1.0000000000018066,0.9999999999843624
MinLeviFunctionNum13,RadiusLimitedPopulationSampler,50,1.8539,25000,1.3353250559924122e-22,1.0000000000011837,1.0000000000027738
MinLeviFunctionNum13,RadiusLimitedPopulationSampler,50,1.855046,25000,7.937772233111912e-22,1.0000000000028197,0.9999999999910805
MinBealeFunction,PopulationSampler,15,0.067756,1000,0.02895780553507342,3.450482871090763,0.6072703204871974
MinBealeFunction,PopulationSampler,15,0.067949,1000,0.0001327599464629736,3.0125039813350534,0.5052272006059363
MinBealeFunction,PopulationSampler,15,0.068276,1000,0.03288525577466138,3.3517114735998303,0.552089930434094
MinBealeFunction,PopulationSampler,15,0.068028,1000,0.010228714302166597,2.7953251898649434,0.4547722531159597
MinBealeFunction,PopulationSampler,15,0.068525,1000,0.06531035807951308,2.7021334460612016,0.3600548906717691
MinBealeFunction,RadiusLimitedPopulationSampler,5,0.069518,1000,0.0015156209656628367,2.956126975936882,0.48146786073462877
MinBealeFunction,RadiusLimitedPopulationSampler,5,0.071088,1000,0.0032138394649278822,3.1325746317385543,0.5257859049680829
MinBealeFunction,RadiusLimitedPopulationSampler,5,0.069358,1000,0.008725774430713875,3.0509665849211225,0.5304592180578312
MinBealeFunction,RadiusLimitedPopulationSampler,5,0.070766,1000,0.016524610337601678,2.798771748510863,0.46735558435348057
MinBealeFunction,RadiusLimitedPopulationSampler,5,0.070817,1000,0.03937804908669776,2.652611935451052,0.3736539995453596
MinBealeFunction,RadiusLimitedPopulationSampler,10,0.070216,1000,0.03112047963670024,2.7151861913608073,0.39119233510496354
MinBealeFunction,RadiusLimitedPopulationSampler,10,0.072097,1000,0.0032548832283250864,2.89792321857863,0.4652372003777911
MinBealeFunction,RadiusLimitedPopulationSampler,10,0.073804,1000,0.008940474011222681,3.066419045649427,0.5338719256242865
MinBealeFunction,RadiusLimitedPopulationSampler,10,0.07025,1000,0.09091981913183114,4.287896982882934,0.6920321347317722
MinBealeFunction,RadiusLimitedPopulationSampler,10,0.069635,1000,0.021151540030316118,2.783772209491559,0.4669426425152209
MinBealeFunction,RadiusLimitedPopulationSampler,15,0.070353,1000,0.012495555021043301,2.9432899698193995,0.5088213286913889
MinBealeFunction,RadiusLimitedPopulationSampler,15,0.071087,1000,0.010727101063453029,2.773023464132635,0.43750265676838895
MinBealeFunction,RadiusLimitedPopulationSampler,15,0.07137,1000,0.11985587248347324,2.4784212510522385,0.2820954886429354
MinBealeFunction,RadiusLimitedPopulationSampler,15,0.069779,1000,0.02697206550863315,3.422087322569645,0.6026386480477085
MinBealeFunction,RadiusLimitedPopulationSampler,15,0.0719,1000,0.02502129593398954,3.0062599913134447,0.4678320875375494
MinBealeFunction,RadiusLimitedPopulationSampler,20,0.070467,1000,0.0012241480941815003,2.9446062196880027,0.4801904320605659
MinBealeFunction,RadiusLimitedPopulationSampler,20,0.071277,1000,0.06334566019191051,3.935749075256122,0.6538040784674684
MinBealeFunction,RadiusLimitedPopulationSampler,20,0.072353,1000,0.004198313051916634,3.1775135530119525,0.5399012999762509
MinBealeFunction,RadiusLimitedPopulationSampler,20,0.070714,1000,0.09180798887302702,2.965561945204916,0.4231767485802881
MinBealeFunction,RadiusLimitedPopulationSampler,20,0.071069,1000,0.03090905931588131,3.5830826992723614,0.6173319255907765
MinBealeFunction,RadiusLimitedPopulationSampler,25,0.071468,1000,0.0630820183033004,3.3660850656190844,0.540753172953614
MinBealeFunction,RadiusLimitedPopulationSampler,25,0.072738,1000,0.01012387664854203,2.934760862594865,0.46190822362103445
MinBealeFunction,RadiusLimitedPopulationSampler,25,0.072179,1000,0.0008320972635592357,2.9423036271373473,0.4818205083051681
MinBealeFunction,RadiusLimitedPopulationSampler,25,0.071265,1000,0.0037466156214367627,3.1196851528242866,0.536191365847259
MinBealeFunction,RadiusLimitedPopulationSampler,25,0.071541,1000,0.019821745366016837,2.7543784784298926,0.41174510003067255
MinBealeFunction,RadiusLimitedPopulationSampler,50,0.073347,1000,0.07040793652625212,2.535923110128016,0.3912176352242802
MinBealeFunction,RadiusLimitedPopulationSampler,50,0.075218,1000,0.003686530808267038,2.8978633708742434,0.464000709483966
MinBealeFunction,RadiusLimitedPopulationSampler,50,0.072847,1000,6.173585238856241e-05,2.9903238383143815,0.4961586041823415
MinBealeFunction,RadiusLimitedPopulationSampler,50,0.074046,1000,0.014753148099936851,3.358316105665189,0.5807088825787323
MinBealeFunction,RadiusLimitedPopulationSampler,50,0.073532,1000,0.04426668063073112,3.0585975163265298,0.5546293589772621
MinBealeFunction,PopulationSampler,15,0.328235,5000,0.000519761031871996,2.9624677942813684,0.48693254093997357
MinBealeFunction,PopulationSampler,15,0.325818,5000,0.00043299939781968794,3.008269033405365,0.49777396399146095
MinBealeFunction,PopulationSampler,15,0.326844,5000,4.230892130973192e-05,2.9907599811870713,0.4965802386591869
MinBealeFunction,PopulationSampler,15,0.324088,5000,5.109785932449297e-06,3.005654037001943,0.5013659939131064
MinBealeFunction,PopulationSampler,15,0.325728,5000,1.9679394501774146e-05,2.989861003986619,0.4971096807940311
MinBealeFunction,RadiusLimitedPopulationSampler,5,0.338314,5000,0.00016914315887149679,2.972648989475447,0.49457321928869064
MinBealeFunction,RadiusLimitedPopulationSampler,5,0.33553,5000,2.9290348105566354e-06,2.9990509709554685,0.5001121904377429
MinBealeFunction,RadiusLimitedPopulationSampler,5,0.337624,5000,4.220981267678447e-05,3.0141897168048057,0.5041653823932722
MinBealeFunction,RadiusLimitedPopulationSampler,5,0.335398,5000,6.345800075971728e-05,3.0142825510128453,0.5023655656597127
MinBealeFunction,RadiusLimitedPopulationSampler,5,0.33387,5000,0.0003131913545349133,3.016737471930799,0.5007345003150065
MinBealeFunction,RadiusLimitedPopulationSampler,10,0.333643,5000,0.00010987610069313534,3.017632743138842,0.502730503199511
MinBealeFunction,RadiusLimitedPopulationSampler,10,0.336649,5000,0.0001307436139402078,3.0282771068686185,0.5074585381988681
MinBealeFunction,RadiusLimitedPopulationSampler,10,0.337405,5000,6.554364621604996e-05,2.9830751615011,0.4966869293468821
MinBealeFunction,RadiusLimitedPopulationSampler,10,0.33646,5000,2.9334156365633966e-05,3.0075255532200575,0.5027939923060268
MinBealeFunction,RadiusLimitedPopulationSampler,10,0.335464,5000,5.9414696770784716e-05,3.0190049832269312,0.5050198919315627
MinBealeFunction,RadiusLimitedPopulationSampler,15,0.335644,5000,0.00018098583015738597,3.0266335912768607,0.508249361525619
MinBealeFunction,RadiusLimitedPopulationSampler,15,0.334958,5000,0.0001168289163597215,2.988276037305531,0.4950343185590317
MinBealeFunction,RadiusLimitedPopulationSampler,15,0.334007,5000,0.00014498558226680076,3.00380831269597,0.4984569295491327
MinBealeFunction,RadiusLimitedPopulationSampler,15,0.337704,5000,4.563713579368321e-05,2.9889702652394616,0.4983197884752785
MinBealeFunction,RadiusLimitedPopulationSampler,15,0.337242,5000,4.435334869557077e-06,3.004703592898109,0.5009657499358625
MinBealeFunction,RadiusLimitedPopulationSampler,20,0.337787,5000,4.655185596609066e-05,3.012670434571483,0.50217383086902
MinBealeFunction,RadiusLimitedPopulationSampler,20,0.34127,5000,5.757065198693692e-07,3.0018934221620945,0.5004575886492586
MinBealeFunction,RadiusLimitedPopulationSampler,20,0.339867,5000,6.734633870118937e-06,2.996878287394259,0.49969918196506485
MinBealeFunction,RadiusLimitedPopulationSampler,20,0.338216,5000,8.052102892600982e-05,3.0084929343509343,0.5038168988656946
MinBealeFunction,RadiusLimitedPopulationSampler,20,0.341714,5000,6.656513961420014e-05,3.0204726099414305,0.5052370942358857
MinBealeFunction,RadiusLimitedPopulationSampler,25,0.34405,5000,1.1474373319179591e-05,3.002961594445826,0.5013927397291749
MinBealeFunction,RadiusLimitedPopulationSampler,25,0.342883,5000,4.812132987113152e-05,2.986891715841939,0.4976758050134735
MinBealeFunction,RadiusLimitedPopulationSampler,25,0.340683,5000,7.48021134627384e-05,3.0124988180241483,0.5016195314203855
MinBealeFunction,RadiusLimitedPopulationSampler,25,0.339827,5000,5.14171721488953e-05,2.9857284440915848,0.4955401326133843
MinBealeFunction,RadiusLimitedPopulationSampler,25,0.339059,5000,0.00013671494461024955,2.985316366955921,0.4984534967980569
MinBealeFunction,RadiusLimitedPopulationSampler,50,0.349124,5000,0.00028695352556265666,2.9600528974869444,0.4908825911868612
MinBealeFunction,RadiusLimitedPopulationSampler,50,0.349537,5000,0.0002695772453504766,2.9603640511462577,0.4894542858104614
MinBealeFunction,RadiusLimitedPopulationSampler,50,0.348587,5000,0.000143425365322825,3.013065717694204,0.5009906821101218
MinBealeFunction,RadiusLimitedPopulationSampler,50,0.356071,5000,0.00010232358467077892,2.977613556422644,0.4953440630838854
MinBealeFunction,RadiusLimitedPopulationSampler,50,0.350817,5000,0.00025037595632307406,2.9809290777593023,0.4923116656795266
MinBealeFunction,PopulationSampler,15,0.643758,10000,1.5324601765385655e-07,3.0002522803159475,0.49998379867629406
MinBealeFunction,PopulationSampler,15,0.637698,10000,5.71423090504714e-07,2.9985966651450133,0.4997572074477351
MinBealeFunction,PopulationSampler,15,0.649589,10000,3.123859729918304e-08,3.000108980238217,0.5000626851583378
MinBealeFunction,PopulationSampler,15,0.647869,10000,1.5875039103416696e-07,2.9990053955051814,0.49975006112487874
MinBealeFunction,PopulationSampler,15,0.640269,10000,2.810645391135419e-08,2.9997648973352726,0.4999705967205297
MinBealeFunction,RadiusLimitedPopulationSampler,5,0.657102,10000,3.2781028544369166e-08,2.999852013424555,0.49999893282029145
MinBealeFunction,RadiusLimitedPopulationSampler,5,0.660664,10000,2.6352418916600064e-09,3.000060202240193,0.5000243673363861
MinBealeFunction,RadiusLimitedPopulationSampler,5,0.665453,10000,1.318978109501162e-07,3.00075027886166,0.5002285732261937
MinBealeFunction,RadiusLimitedPopulationSampler,5,0.657981,10000,2.9650681249525116e-08,3.0002939072396217,0.5000990629944764
MinBealeFunction,RadiusLimitedPopulationSampler,5,0.668593,10000,1.7340703686690478e-08,3.0000235561312985,0.4999784904246195
MinBealeFunction,RadiusLimitedPopulationSampler,10,0.671337,10000,1.0954194019198823e-08,2.9997394314059695,0.49993347679382427
MinBealeFunction,RadiusLimitedPopulationSampler,10,0.66754,10000,7.86016927598391e-08,3.0004486423046806,0.500066385306882
MinBealeFunction,RadiusLimitedPopulationSampler,10,0.663941,10000,4.6592984475892723e-08,3.000340718995721,0.5001193216308448
MinBealeFunction,RadiusLimitedPopulationSampler,10,0.663586,10000,2.1450826324110529e-07,2.9989861264652773,0.49979498131865163
MinBealeFunction,RadiusLimitedPopulationSampler,10,0.658999,10000,1.2414875682106739e-08,2.999769590515166,0.4999558919484134
MinBealeFunction,RadiusLimitedPopulationSampler,15,0.661071,10000,1.0670242762372356e-07,2.999459247545187,0.49981490902516434
MinBealeFunction,RadiusLimitedPopulationSampler,15,0.661007,10000,3.041633965405912e-07,3.000973443640079,0.5003225840092347
MinBealeFunction,RadiusLimitedPopulationSampler,15,0.664718,10000,5.024901534497528e-09,2.9998230021130046,0.4999567484631362
MinBealeFunction,RadiusLimitedPopulationSampler,15,0.663534,10000,1.7145638748358087e-07,2.9989848993208152,0.49973159189278527
MinBealeFunction,RadiusLimitedPopulationSampler,15,0.661185,10000,5.429285136082037e-07,2.9999560744848788,0.49983569446657394
MinBealeFunction,RadiusLimitedPopulationSampler,20,0.666972,10000,7.391986590759996e-09,3.00008175053902,0.5000368268369854
MinBealeFunction,RadiusLimitedPopulationSampler,20,0.668603,10000,4.85178674551284e-08,3.000402374024863,0.5000684525165165
MinBealeFunction,RadiusLimitedPopulationSampler,20,0.668009,10000,3.9796300919650953e-07,3.0014916650607613,0.5004124918079469
MinBealeFunction,RadiusLimitedPopulationSampler,20,0.669681,10000,1.0381823505781743e-07,2.999352191101512,0.49979946580942836
MinBealeFunction,RadiusLimitedPopulationSampler,20,0.680386,10000,8.506109835705484e-07,2.998869134665651,0.4998868770158986
MinBealeFunction,RadiusLimitedPopulationSampler,25,0.687669,10000,1.4352830637399973e-07,3.0000510347601668,0.4999338780912673
MinBealeFunction,RadiusLimitedPopulationSampler,25,0.674266,10000,1.6546591988026785e-07,2.999125759143343,0.4997399246378494
MinBealeFunction,RadiusLimitedPopulationSampler,25,0.677004,10000,5.240796712435613e-07,2.9983961590005817,0.4995323862280225
MinBealeFunction,RadiusLimitedPopulationSampler,25,0.683856,10000,1.8544523539204123e-08,2.9998120427638453,0.49997703189268383
MinBealeFunction,RadiusLimitedPopulationSampler,25,0.676025,10000,5.394260384403307e-07,3.0015867899822237,0.5004702326833946
MinBealeFunction,RadiusLimitedPopulationSampler,50,0.696615,10000,6.111349106662722e-08,2.9998446559325034,0.49991164625663803
MinBealeFunction,RadiusLimitedPopulationSampler,50,0.692905,10000,5.013338621292754e-07,3.0016595047559265,0.5004627346173394
MinBealeFunction,RadiusLimitedPopulationSampler,50,0.69541,10000,2.7184766422541086e-07,3.000788233735531,0.5002818217467233
MinBealeFunction,RadiusLimitedPopulationSampler,50,0.69911,10000,4.773113366638798e-08,2.9994907961383706,0.4998901165648549
MinBealeFunction,RadiusLimitedPopulationSampler,50,0.700004,10000,3.52002193472632e-08,3.000457103720711,0.5001220917239044
MinBealeFunction,PopulationSampler,15,1.610698,25000,4.785431449893917e-15,3.000000044812705,0.5000000250247127
MinBealeFunction,PopulationSampler,15,1.603611,25000,5.587890124655915e-16,2.999999983857153,0.4999999912620437
MinBealeFunction,PopulationSampler,15,1.610553,25000,1.6618494002188053e-16,3.0000000263706523,0.50000000808162
MinBealeFunction,PopulationSampler,15,1.651257,25000,1.4417075742068252e-16,2.9999999964410184,0.4999999966348691
MinBealeFunction,PopulationSampler,15,1.643697,25000,6.380852033443956e-16,3.000000025163682,0.5000000110639812
MinBealeFunction,RadiusLimitedPopulationSampler,5,1.678378,25000,2.0779532189983226e-16,3.0000000352697382,0.500000009359476
MinBealeFunction,RadiusLimitedPopulationSampler,5,1.659427,25000,2.6626648458947903e-16,2.999999964403604,0.4999999928319662
MinBealeFunction,RadiusLimitedPopulationSampler,5,1.661456,25000,2.906583765961928e-17,2.9999999881734216,0.49999999652926685
MinBealeFunction,RadiusLimitedPopulationSampler,5,1.666595,25000,2.0608993830154184e-17,3.000000000328801,0.500000001026447
MinBealeFunction,RadiusLimitedPopulationSampler,5,1.666186,25000,2.4635495085425133e-17,2.999999990225284,0.4999999982126574
MinBealeFunction,RadiusLimitedPopulationSampler,10,1.669601,25000,1.418967282003223e-16,2.99999998072663,0.4999999933301603
MinBealeFunction,RadiusLimitedPopulationSampler,10,1.668539,25000,3.287973323789422e-16,3.000000000128152,0.5000000038075796
MinBealeFunction,RadiusLimitedPopulationSampler,10,1.67036,25000,1.1523242646578652e-16,3.000000026520964,0.5000000069154216
MinBealeFunction,RadiusLimitedPopulationSampler,10,1.67336,25000,7.424205238300478e-17,2.9999999852823667,0.4999999950406066
MinBealeFunction,RadiusLimitedPopulationSampler,10,1.679535,25000,1.569169037001302e-16,3.000000019200763,0.5000000027007512
MinBealeFunction,RadiusLimitedPopulationSampler,15,1.686987,25000,1.334584163038868e-16,3.000000021073254,0.5000000035808703
MinBealeFunction,RadiusLimitedPopulationSampler,15,1.686526,25000,2.160559040671242e-16,2.999999963698923,0.49999999052675775
MinBealeFunction,RadiusLimitedPopulationSampler,15,1.681224,25000,3.4420471985096755e-16,3.0000000463576977,0.5000000115946125
MinBealeFunction,RadiusLimitedPopulationSampler,15,1.671908,25000,2.375114860822684e-16,2.9999999909884423,0.499999994645332
MinBealeFunction,RadiusLimitedPopulationSampler,15,1.669968,25000,8.99225060206648e-16,2.9999999363972467,0.499999987532381
MinBealeFunction,RadiusLimitedPopulationSampler,20,1.686146,25000,1.1170816214184507e-15,2.999999916967603,0.4999999801774696
MinBealeFunction,RadiusLimitedPopulationSampler,20,1.685805,25000,2.050843971506785e-16,3.000000035054973,0.5000000092957649
MinBealeFunction,RadiusLimitedPopulationSampler,20,1.684607,25000,4.0866475753040857e-16,3.0000000500917037,0.5000000129737391
MinBealeFunction,RadiusLimitedPopulationSampler,20,1.696436,25000,4.143520297498175e-16,2.999999967683173,0.4999999952603406
MinBealeFunction,RadiusLimitedPopulationSampler,20,1.69152,25000,3.6285240026665225e-17,3.0000000149834793,0.5000000038387491
MinBealeFunction,RadiusLimitedPopulationSampler,25,1.700666,25000,2.3133832664391493e-15,3.0000001114227848,0.5000000313902182
MinBealeFunction,RadiusLimitedPopulationSampler,25,1.706768,25000,7.880669464494816e-16,3.000000070155525,0.5000000172862463
MinBealeFunction,RadiusLimitedPopulationSampler,25,1.698735,25000,3.4690379627024186e-15,3.0000000527962976,0.5000000016430435
MinBealeFunction,RadiusLimitedPopulationSampler,25,1.705714,25000,4.969566782677789e-17,2.9999999878746872,0.4999999959282165
MinBealeFunction,RadiusLimitedPopulationSampler,25,1.756911,25000,3.027185424202638e-16,3.000000040842894,0.5000000113721287
MinBealeFunction,RadiusLimitedPopulationSampler,50,1.809524,25000,3.7305988347223913e-16,3.0000000182005446,0.5000000082383265
MinBealeFunction,RadiusLimitedPopulationSampler,50,1.796183,25000,7.942983477582125e-17,3.0000000135577154,0.5000000018893231
MinBealeFunction,RadiusLimitedPopulationSampler,50,1.796371,25000,1.7018445514785814e-16,2.999999975299159,0.49999999210164536
MinBealeFunction,RadiusLimitedPopulationSampler,50,1.815273,25000,7.030415312321523e-15,2.9999998466745343,0.4999999738833823
MinBealeFunction,RadiusLimitedPopulationSampler,50,1.790166,25000,9.609147968420752e-16,2.9999999257817835,0.49999998344995356
MinEasomFunction,PopulationSampler,15,0.068143,1000,-0.7750683732315028,3.4449941047248807,3.419077732575987
MinEasomFunction,PopulationSampler,15,0.068421,1000,-1.0267282461072478e-17,4.3815606628569554,-2.8936815471156194
MinEasomFunction,PopulationSampler,15,0.069252,1000,-0.005107884730538684,4.5774539153640035,2.2669596578279965
MinEasomFunction,PopulationSampler,15,0.068299,1000,-0.0013461066949127934,3.945594746321591,4.673658058620858
MinEasomFunction,PopulationSampler,15,0.069019,1000,-3.751768922857481e-10,6.28902622289746,-0.28703609244123585
MinEasomFunction,RadiusLimitedPopulationSampler,5,0.072148,1000,-0.32484460204988125,3.986074618210324,3.1777773632558564
MinEasomFunction,RadiusLimitedPopulationSampler,5,0.071479,1000,-2.652096998417595e-33,9.281092301111318,-2.964999580943058
MinEasomFunction,RadiusLimitedPopulationSampler,5,0.070175,1000,-5.5981754839535884e-12,7.464569430193222,5.588732404344384
MinEasomFunction,RadiusLimitedPopulationSampler,5,0.070878,1000,-3.7264636860938594e-22,2.884137086312786,10.138842941260444
MinEasomFunction,RadiusLimitedPopulationSampler,5,0.071378,1000,-0.6321135039237613,2.6426004565203494,2.9114886429904745
MinEasomFunction,RadiusLimitedPopulationSampler,10,0.072292,1000,-0.004521527960322264,4.5486630281577725,4.138605834399449
MinEasomFunction,RadiusLimitedPopulationSampler,10,0.070646,1000,-4.8398784757247295e-08,0.9238907680355783,-0.23357500448963675
MinEasomFunction,RadiusLimitedPopulationSampler,10,0.07295,1000,-8.274888066419041e-06,0.9663765569147333,0.6572440280942338
MinEasomFunction,RadiusLimitedPopulationSampler,10,0.072241,1000,-2.0591772301718167e-24,1.8897349843873563,10.308049327945895
MinEasomFunction,RadiusLimitedPopulationSampler,10,0.07532,1000,-1.2268883430042449e-13,7.02871037899282,-0.6146117760793288
MinEasomFunction,RadiusLimitedPopulationSampler,15,0.073156,1000,-0.20692215351265877,2.1708807390612357,3.3441594737621423
MinEasomFunction,RadiusLimitedPopulationSampler,15,0.072011,1000,-2.588384249876501e-10,7.149723186359083,5.406038561013432
MinEasomFunction,RadiusLimitedPopulationSampler,15,0.07268,1000,-7.958844013893311e-20,-3.3691347529240545,4.126265488098145
MinEasomFunction,RadiusLimitedPopulationSampler,15,0.071791,1000,-4.826957898908303e-07,0.21814996153625543,5.517815512182494
MinEasomFunction,RadiusLimitedPopulationSampler,15,0.071782,1000,-5.261711800012114e-05,1.324329390190826,4.806132466732443
MinEasomFunction,RadiusLimitedPopulationSampler,20,0.072788,1000,-8.172717426368172e-11,0.3291137297256641,7.0107604934655186
MinEasomFunction,RadiusLimitedPopulationSampler,20,0.073371,1000,-1.8737122888037196e-11,0.2726645160765435,-0.8591639191029898
MinEasomFunction,RadiusLimitedPopulationSampler,20,0.073659,1000,-4.683948304402205e-06,0.9501759033144777,0.5388685333996293
MinEasomFunction,RadiusLimitedPopulationSampler,20,0.072054,1000,-1.1930214189732493e-19,9.688116670857895,2.4772025665861577
MinEasomFunction,RadiusLimitedPopulationSampler,20,0.071926,1000,-4.686841971240347e-12,3.7541795525388437,-1.6457941793539865
MinEasomFunction,RadiusLimitedPopulationSampler,25,0.073054,1000,-5.106769084770639e-09,6.249182522575032,6.21283495531605
MinEasomFunction,RadiusLimitedPopulationSampler,25,0.074643,1000,-0.00034230600916048553,1.6971700028872334,4.55184221991615
MinEasomFunction,RadiusLimitedPopulationSampler,25,0.079914,1000,-3.665218671787754e-07,-0.0011502116230133197,5.175404264058052
MinEasomFunction,RadiusLimitedPopulationSampler,25,0.075211,1000,-2.1119031342915363e-05,1.3720133072641336,5.527893845779109
MinEasomFunction,RadiusLimitedPopulationSampler,25,0.07211,1000,-0.27905738919877593,3.0849378120123205,4.0370282401587545
MinEasomFunction,RadiusLimitedPopulationSampler,50,0.075192,1000,-1.832827145332277e-12,-1.8827885357671899,2.5168238990644434
MinEasomFunction,RadiusLimitedPopulationSampler,50,0.074722,1000,-0.05430739528077792,4.352859227429548,2.628361668907985
MinEasomFunction,RadiusLimitedPopulationSampler,50,0.073908,1000,-2.1007308048038283e-06,5.7811740437401795,5.518019500708206
MinEasomFunction,RadiusLimitedPopulationSampler,50,0.074211,1000,-2.1549135794034888e-14,-2.258588402293343,2.0783133395320217
MinEasomFunction,RadiusLimitedPopulationSampler,50,0.076124,1000,-4.577017505024474e-06,5.848527934563116,4.860111171158977
MinEasomFunction,PopulationSampler,15,0.351572,5000,-0.998893591977428,3.140090112064388,3.16871692292203
MinEasomFunction,PopulationSampler,15,0.348568,5000,-0.9774295034954945,3.127522310101984,3.019081984256995
MinEasomFunction,PopulationSampler,15,0.334679,5000,-0.9509773212687972,3.3243232414924506,3.1340376983624694
MinEasomFunction,PopulationSampler,15,0.332577,5000,-0.07351061423303404,2.2836864428629866,4.093221712064263
MinEasomFunction,PopulationSampler,15,0.335452,5000,-0.44194338420063994,2.9466945145119796,3.842211498124704
MinEasomFunction,RadiusLimitedPopulationSampler,5,0.345523,5000,-0.8611180295729642,2.843884514783646,3.0386408879444105
MinEasomFunction,RadiusLimitedPopulationSampler,5,0.341484,5000,-0.63582944536883,2.8363882271504135,2.6879962884313713
MinEasomFunction,RadiusLimitedPopulationSampler,5,0.343619,5000,-0.06632103081065009,4.228072651027528,2.4370152994275145
MinEasomFunction,RadiusLimitedPopulationSampler,5,0.3449,5000,-0.7682306804819056,3.3552023670909428,3.500858464227125
MinEasomFunction,RadiusLimitedPopulationSampler,5,0.340351,5000,-0.9308566179154442,2.939250340482815,3.0595707385729467
MinEasomFunction,RadiusLimitedPopulationSampler,10,0.347627,5000,-0.23393650585143813,2.9742045450790258,4.081290783204386
MinEasomFunction,RadiusLimitedPopulationSampler,10,0.345512,5000,-0.8214262093184103,3.039084071037112,3.4877199753551857
MinEasomFunction,RadiusLimitedPopulationSampler,10,0.344381,5000,-0.1251159610115427,2.550956345919073,4.121155026282322
MinEasomFunction,RadiusLimitedPopulationSampler,10,0.346799,5000,-0.7303026552553205,3.53316790193972,2.9077786470689917
MinEasomFunction,RadiusLimitedPopulationSampler,10,0.343393,5000,-0.7104587590072501,3.3025571272163816,3.588370123304788
MinEasomFunction,RadiusLimitedPopulationSampler,15,0.345727,5000,-0.7998805768723182,2.8587830961575573,3.402847069385192
MinEasomFunction,RadiusLimitedPopulationSampler,15,0.348326,5000,-0.3603148673639302,3.8652392054526192,3.5130561343083397
MinEasomFunction,RadiusLimitedPopulationSampler,15,0.347368,5000,-0.9912034865013356,3.0652048716626723,3.134291998010049
MinEasomFunction,RadiusLimitedPopulationSampler,15,0.346858,5000,-0.9134353332119568,3.048522031572063,3.3686296718518998
MinEasomFunction,RadiusLimitedPopulationSampler,15,0.345378,5000,-0.6204951050663587,2.699314466196528,2.7959261250598137
MinEasomFunction,RadiusLimitedPopulationSampler,20,0.351641,5000,-0.20074184656380392,4.016537376885509,2.6320168694066695
MinEasomFunction,RadiusLimitedPopulationSampler,20,0.349724,5000,-0.9191595048645537,2.9913878420083853,2.958442277657241
MinEasomFunction,RadiusLimitedPopulationSampler,20,0.352877,5000,-0.9004536214126386,3.04903018699531,3.3888203245094672
MinEasomFunction,RadiusLimitedPopulationSampler,20,0.351813,5000,-0.03599155568585597,3.7336539301240137,4.404244886527405
MinEasomFunction,RadiusLimitedPopulationSampler,20,0.353842,5000,-0.03911289460517014,3.981576465926109,4.272233541160354
MinEasomFunction,RadiusLimitedPopulationSampler,25,0.3512,5000,-0.606957881575414,3.3034125334559468,2.592816166750458
MinEasomFunction,RadiusLimitedPopulationSampler,25,0.351783,5000,-0.9888777717301548,3.163798144517323,3.058162635975881
MinEasomFunction,RadiusLimitedPopulationSampler,25,0.353031,5000,-0.4164082634549778,3.694837297444735,2.6239002648312635
MinEasomFunction,RadiusLimitedPopulationSampler,25,0.352667,5000,-0.4978688356575489,2.4769749715598803,3.24602418745787
MinEasomFunction,RadiusLimitedPopulationSampler,25,0.351617,5000,-0.35344380499028183,3.8929989093606614,3.4689279695431887
MinEasomFunction,RadiusLimitedPopulationSampler,50,0.362771,5000,-0.3108765674352178,3.0899959238721224,2.282382478531172
MinEasomFunction,RadiusLimitedPopulationSampler,50,0.365164,5000,-0.58688353314712,3.6210095058681553,3.4901179204526347
MinEasomFunction,RadiusLimitedPopulationSampler,50,0.363068,5000,-0.6053563436813859,3.416676352408162,2.6368567448497977
MinEasomFunction,RadiusLimitedPopulationSampler,50,0.368134,5000,-0.15874697962456777,2.7431995180360147,2.1459504425482407
MinEasomFunction,RadiusLimitedPopulationSampler,50,0.368473,5000,-0.6841376139585418,3.5426771161038477,3.4419746332211325
MinEasomFunction,PopulationSampler,15,0.695903,10000,-0.998712981855308,3.1564717017671717,3.166834550390859
MinEasomFunction,PopulationSampler,15,0.730133,10000,-0.9912705371762397,3.166668456753671,3.0693786587022793
MinEasomFunction,PopulationSampler,15,0.685899,10000,-0.9918496943169687,3.2127465530256725,3.121806578128689
MinEasomFunction,PopulationSampler,15,0.693653,10000,-0.9481631276833375,3.1505094294750204,3.3295720967351783
MinEasomFunction,PopulationSampler,15,0.699999,10000,-0.9853842318443917,3.208604298117157,3.068637217498413
MinEasomFunction,RadiusLimitedPopulationSampler,5,0.718944,10000,-0.9999747762512888,3.143829849879641,3.1450293654159336
MinEasomFunction,RadiusLimitedPopulationSampler,5,0.720265,10000,-0.9989976759496626,3.1667101551975967,3.1477278031631206
MinEasomFunction,RadiusLimitedPopulationSampler,5,0.699691,10000,-0.999875884304804,3.1460743605834876,3.149508649672582
MinEasomFunction,RadiusLimitedPopulationSampler,5,0.723224,10000,-0.9995570534635914,3.1259971615366653,3.134371829485249
MinEasomFunction,RadiusLimitedPopulationSampler,5,0.6936,10000,-0.997516415096247,3.1389452918238847,3.182220510862214
MinEasomFunction,RadiusLimitedPopulationSampler,10,0.696075,10000,-0.9967757415630861,3.1456734949776712,3.0953750005030582
MinEasomFunction,RadiusLimitedPopulationSampler,10,0.690585,10000,-0.9987627592064534,3.149770784422532,3.1140531576419197
MinEasomFunction,RadiusLimitedPopulationSampler,10,0.699979,10000,-0.9983594965649393,3.158491029786324,3.113150237921399
MinEasomFunction,RadiusLimitedPopulationSampler,10,0.689487,10000,-0.9972028957813365,3.1139257598315946,3.1083994024638866
MinEasomFunction,RadiusLimitedPopulationSampler,10,0.685619,10000,-0.9999994337733793,3.141140337130257,3.141176847941496
MinEasomFunction,RadiusLimitedPopulationSampler,15,0.684841,10000,-0.9967292469099438,3.100804599554083,3.1187838488775683
MinEasomFunction,RadiusLimitedPopulationSampler,15,0.684205,10000,-0.996537023060953,3.1620771903672598,3.185099351607453
MinEasomFunction,RadiusLimitedPopulationSampler,15,0.680532,10000,-0.9941148899744306,3.2040815669973717,3.1361811213788977
MinEasomFunction,RadiusLimitedPopulationSampler,15,0.681764,10000,-0.999138881402088,3.158887309490086,3.1250031363923996
MinEasomFunction,RadiusLimitedPopulationSampler,15,0.698495,10000,-0.9943686299490924,3.1675311348265263,3.0859914308774483
MinEasomFunction,RadiusLimitedPopulationSampler,20,0.710245,10000,-0.9975465502275711,3.103861096127343,3.126968792024438
MinEasomFunction,RadiusLimitedPopulationSampler,20,0.707794,10000,-0.9522579597538608,3.1691651388099844,3.319906859063392
MinEasomFunction,RadiusLimitedPopulationSampler,20,0.715713,10000,-0.9994677736492666,3.1484989503705227,3.124065254551552
MinEasomFunction,RadiusLimitedPopulationSampler,20,0.703329,10000,-0.974140330971365,3.0533517418881666,3.23993675350522
MinEasomFunction,RadiusLimitedPopulationSampler,20,0.70328,10000,-0.9947126991261943,3.16593485754025,3.195825257988722
MinEasomFunction,RadiusLimitedPopulationSampler,25,0.712631,10000,-0.9967120522128788,3.1101096971783204,3.1762951738070857
MinEasomFunction,RadiusLimitedPopulationSampler,25,0.706867,10000,-0.9989436720725757,3.1596483946567364,3.161049456258962
MinEasomFunction,RadiusLimitedPopulationSampler,25,0.718437,10000,-0.9986116540770162,3.120185670464741,3.163224211211934
MinEasomFunction,RadiusLimitedPopulationSampler,25,0.699745,10000,-0.9982588857881285,3.1099739620824374,3.128866467055601
MinEasomFunction,RadiusLimitedPopulationSampler,25,0.704177,10000,-0.933612322157155,2.9402804291086944,3.0696506314035514
MinEasomFunction,RadiusLimitedPopulationSampler,50,0.722779,10000,-0.9989980957170055,3.1162522532977173,3.1364826457690107
MinEasomFunction,RadiusLimitedPopulationSampler,50,0.7221,10000,-0.978664129201167,3.2605271360916754,3.156467965752456
MinEasomFunction,RadiusLimitedPopulationSampler,50,0.720986,10000,-0.9946638637163586,3.112952806108497,3.1939973479318837
MinEasomFunction,RadiusLimitedPopulationSampler,50,0.722038,10000,-0.9986369557034179,3.147371541444458,3.171187886664938
MinEasomFunction,RadiusLimitedPopulationSampler,50,0.722421,10000,-0.9922391844114158,3.1168597034161056,3.20927685640354
MinEasomFunction,PopulationSampler,15,1.69176,25000,-0.9999999999999999,3.1415926626387565,3.141592646316924
MinEasomFunction,PopulationSampler,15,1.713477,25000,-0.9999999999999936,3.1415926879850873,3.1415925973852326
MinEasomFunction,PopulationSampler,15,1.708948,25000,-1.0,3.141592649324244,3.1415926480408483
MinEasomFunction,PopulationSampler,15,1.724209,25000,-0.999999999999999,3.1415926332484148,3.1415926678009507
MinEasomFunction,PopulationSampler,15,1.687574,25000,-0.9999999999999993,3.1415926344740486,3.1415926451491205
MinEasomFunction,RadiusLimitedPopulationSampler,5,1.731808,25000,-1.0,3.141592646944029,3.141592656199557
MinEasomFunction,RadiusLimitedPopulationSampler,5,1.742899,25000,-1.0,3.14159265240386,3.141592648764242
MinEasomFunction,RadiusLimitedPopulationSampler,5,1.74659,25000,-1.0,3.141592656339347,3.141592654893235
MinEasomFunction,RadiusLimitedPopulationSampler,5,1.751723,25000,-0.9999999999999996,3.1415926696956102,3.141592658541158
MinEasomFunction,RadiusLimitedPopulationSampler,5,1.753408,25000,-1.0,3.1415926500207294,3.1415926527725775
MinEasomFunction,RadiusLimitedPopulationSampler,10,1.75444,25000,-0.9999999999999999,3.1415926591188725,3.1415926481497376
MinEasomFunction,RadiusLimitedPopulationSampler,10,1.766224,25000,-1.0,3.14159265882893,3.141592654049557
MinEasomFunction,RadiusLimitedPopulationSampler,10,1.789317,25000,-0.9999999999999994,3.141592672188814,3.141592654292571
MinEasomFunction,RadiusLimitedPopulationSampler,10,1.746906,25000,-0.9999999999999991,3.141592662952835,3.141592677039365
MinEasomFunction,RadiusLimitedPopulationSampler,10,1.769197,25000,-0.9999999999999997,3.14159266897944,3.14159264950402
MinEasomFunction,RadiusLimitedPopulationSampler,15,1.758525,25000,-0.9999999999999997,3.1415926570350954,3.1415926673030716
MinEasomFunction,RadiusLimitedPopulationSampler,15,1.756883,25000,-0.9999999999999991,3.1415926298364996,3.141592658286887
MinEasomFunction,RadiusLimitedPopulationSampler,15,1.751555,25000,-0.9999999999999967,3.1415926571088715,3.141592606864344
MinEasomFunction,RadiusLimitedPopulationSampler,15,1.758874,25000,-0.9999999999999999,3.1415926497784636,3.1415926455841165
MinEasomFunction,RadiusLimitedPopulationSampler,15,1.754823,25000,-0.9999999999999973,3.141592691941522,3.1415926362069047
MinEasomFunction,RadiusLimitedPopulationSampler,20,1.789155,25000,-1.0,3.1415926530484932,3.1415926580101172
MinEasomFunction,RadiusLimitedPopulationSampler,20,1.788228,25000,-0.9999999999999998,3.141592655619965,3.141592641454152
MinEasomFunction,RadiusLimitedPopulationSampler,20,1.796129,25000,-0.9999999999999988,3.1415926419214637,3.1415926799628293
MinEasomFunction,RadiusLimitedPopulationSampler,20,1.774549,25000,-0.9999999999999999,3.141592654311991,3.1415926461374615
MinEasomFunction,RadiusLimitedPopulationSampler,20,1.80509,25000,-0.9999999999999999,3.141592649206344,3.1415926431619345
MinEasomFunction,RadiusLimitedPopulationSampler,25,1.80107,25000,-1.0,3.141592656963142,3.141592649177337
MinEasomFunction,RadiusLimitedPopulationSampler,25,1.792896,25000,-0.9999999999999991,3.141592665757298,3.1415926748487997
MinEasomFunction,RadiusLimitedPopulationSampler,25,1.813766,25000,-0.9999999999999982,3.141592647837811,3.1415926884771013
MinEasomFunction,RadiusLimitedPopulationSampler,25,1.80812,25000,-0.9999999999999988,3.141592625004083,3.141592655350052
MinEasomFunction,RadiusLimitedPopulationSampler,25,1.794194,25000,-0.9999999999999996,3.1415926430738397,3.141592638920085
MinEasomFunction,RadiusLimitedPopulationSampler,50,1.85738,25000,-0.999999999999995,3.1415926861209793,3.1415926054563448
MinEasomFunction,RadiusLimitedPopulationSampler,50,1.870411,25000,-1.0,3.1415926497983673,3.1415926570575836
MinEasomFunction,RadiusLimitedPopulationSampler,50,1.854643,25000,-0.9999999999999996,3.141592658462936,3.141592635398181
MinEasomFunction,RadiusLimitedPopulationSampler,50,1.858312,25000,-0.9999999999999996,3.1415926480575234,3.141592671002508
MinEasomFunction,RadiusLimitedPopulationSampler,50,1.835852,25000,-0.9999999999999996,3.141592671073504,3.141592650448775
MinEggHolderFunction,PopulationSampler,15,0.070161,1000,-875.3088906882984,476.83025961700804,411.2530675479847
MinEggHolderFunction,PopulationSampler,15,0.070764,1000,-931.0081416644362,467.3609402129146,445.0115818277512
MinEggHolderFunction,PopulationSampler,15,0.071563,1000,-880.6059217695686,474.41543621857824,404.90938641919547
MinEggHolderFunction,PopulationSampler,15,0.073633,1000,-853.1165312993603,417.6884071117115,491.1650776487626
MinEggHolderFunction,PopulationSampler,15,0.070662,1000,-825.7435715176978,497.34336638428556,-426.74118698407585
MinEggHolderFunction,RadiusLimitedPopulationSampler,5,0.07465,1000,-945.481993091702,505.62477004884954,436.2129118145074
MinEggHolderFunction,RadiusLimitedPopulationSampler,5,0.07276,1000,-887.1188466878634,397.626147168979,464.42237087187823
MinEggHolderFunction,RadiusLimitedPopulationSampler,5,0.075584,1000,-859.0287910139632,502.37984881227624,-425.2562433664217
MinEggHolderFunction,RadiusLimitedPopulationSampler,5,0.074461,1000,-891.805574504649,388.02503709194974,464.84427528170653
MinEggHolderFunction,RadiusLimitedPopulationSampler,5,0.075334,1000,-913.6493831079611,401.39228510244294,472.82504335646587
MinEggHolderFunction,RadiusLimitedPopulationSampler,10,0.072307,1000,-801.7361089088836,-507.86918367938745,-360.38214884794854
MinEggHolderFunction,RadiusLimitedPopulationSampler,10,0.075653,1000,-912.8150035554884,456.48771451677123,429.4060567894069
MinEggHolderFunction,RadiusLimitedPopulationSampler,10,0.072696,1000,-907.4288630479201,393.26147906757507,469.64463038453846
MinEggHolderFunction,RadiusLimitedPopulationSampler,10,0.074651,1000,-921.2428713374854,510.59779366998043,439.7243825961574
MinEggHolderFunction,RadiusLimitedPopulationSampler,10,0.075583,1000,-880.2566405610006,414.48972999419897,484.21195397875204
MinEggHolderFunction,RadiusLimitedPopulationSampler,15,0.072849,1000,-907.4094235235203,404.5446453815049,479.7955924927099
MinEggHolderFunction,RadiusLimitedPopulationSampler,15,0.074378,1000,-885.4814199806567,387.82696172306163,468.16374472036176
MinEggHolderFunction,RadiusLimitedPopulationSampler,15,0.073439,1000,-935.6442341016814,498.45098809638523,432.0165388607021
MinEggHolderFunction,RadiusLimitedPopulationSampler,15,0.077076,1000,-906.6964096963395,393.75635712759123,471.14268321186574
MinEggHolderFunction,RadiusLimitedPopulationSampler,15,0.073586,1000,-851.3154365302541,387.74462158424467,455.6336178032816
MinEggHolderFunction,RadiusLimitedPopulationSampler,20,0.073503,1000,-815.8875551885462,422.7666168344663,485.66890404981746
MinEggHolderFunction,RadiusLimitedPopulationSampler,20,0.073944,1000,-834.9814242270015,395.43931749416765,457.8409569165625
MinEggHolderFunction,RadiusLimitedPopulationSampler,20,0.075106,1000,-942.7673386472018,466.75094110389557,443.31919782991463
MinEggHolderFunction,RadiusLimitedPopulationSampler,20,0.075462,1000,-853.8733156239426,448.56354641908024,428.80173635976536
MinEggHolderFunction,RadiusLimitedPopulationSampler,20,0.075477,1000,-902.6639045552602,392.8901378897573,471.36975761910094
MinEggHolderFunction,RadiusLimitedPopulationSampler,25,0.073048,1000,-902.4269277854573,511.24878397640174,438.71680994292655
MinEggHolderFunction,RadiusLimitedPopulationSampler,25,0.073197,1000,-914.9823769504144,482.7599561956429,416.5464464702855
MinEggHolderFunction,RadiusLimitedPopulationSampler,25,0.075055,1000,-796.021221635253,423.9272066252691,484.8340703116041
MinEggHolderFunction,RadiusLimitedPopulationSampler,25,0.075895,1000,-959.3794603053293,497.6272758697378,429.3636140510522
MinEggHolderFunction,RadiusLimitedPopulationSampler,25,0.073101,1000,-800.6964300714583,496.3097941902254,434.1017355352675
MinEggHolderFunction,RadiusLimitedPopulationSampler,50,0.075167,1000,-957.0285246599019,501.6194116814705,431.91158092223134
MinEggHolderFunction,RadiusLimitedPopulationSampler,50,0.076759,1000,-790.074582028813,423.7136941436355,483.68478700362687
MinEggHolderFunction,RadiusLimitedPopulationSampler,50,0.077334,1000,-960.6146761425099,498.15237052790707,429.56577298152183
MinEggHolderFunction,RadiusLimitedPopulationSampler,50,0.076111,1000,-795.1980264059082,374.61851693031224,449.24212204972235
MinEggHolderFunction,RadiusLimitedPopulationSampler,50,0.075586,1000,-853.1002996585537,410.90954917863303,472.6507001245409
MinEggHolderFunction,PopulationSampler,15,0.34841,5000,-889.680568749947,478.7437183987724,412.95185797678084
MinEggHolderFunction,PopulationSampler,15,0.338179,5000,-962.7908774043015,494.4646807010447,424.80810397345647
MinEggHolderFunction,PopulationSampler,15,0.339943,5000,-917.8354670471153,458.52573804585666,431.27694846169175
MinEggHolderFunction,PopulationSampler,15,0.352512,5000,-919.9890040459974,453.81076145805474,428.682526598767
MinEggHolderFunction,PopulationSampler,15,0.343099,5000,-949.9192064535052,492.90223768985476,425.7833685722034
MinEggHolderFunction,RadiusLimitedPopulationSampler,5,0.360882,5000,-947.4075998571377,486.81595335769487,417.04312016207325
MinEggHolderFunction,RadiusLimitedPopulationSampler,5,0.351833,5000,-941.0804384915848,460.2832655884547,436.5221832537583
MinEggHolderFunction,RadiusLimitedPopulationSampler,5,0.358937,5000,-906.3764258356634,402.81853041441923,479.4502320739686
MinEggHolderFunction,RadiusLimitedPopulationSampler,5,0.343615,5000,-914.6558634791506,455.67134904796416,428.9657248984822
MinEggHolderFunction,RadiusLimitedPopulationSampler,5,0.344679,5000,-946.3345648000144,468.022469574944,442.3536648832401
MinEggHolderFunction,RadiusLimitedPopulationSampler,10,0.344547,5000,-962.2360921726591,498.3263526419165,428.84289193897104
MinEggHolderFunction,RadiusLimitedPopulationSampler,10,0.346302,5000,-945.6353201055798,463.0670878111211,439.1061668918896
MinEggHolderFunction,RadiusLimitedPopulationSampler,10,0.346406,5000,-944.257762675514,461.44285078707634,436.2673990592286
MinEggHolderFunction,RadiusLimitedPopulationSampler,10,0.347481,5000,-924.6960453912941,481.34637320917477,411.7626374069321
MinEggHolderFunction,RadiusLimitedPopulationSampler,10,0.340779,5000,-943.4471216735144,495.7588180432554,429.0684859733929
MinEggHolderFunction,RadiusLimitedPopulationSampler,15,0.344587,5000,-925.1877958377319,466.94324440571813,439.2025492449276
MinEggHolderFunction,RadiusLimitedPopulationSampler,15,0.341711,5000,-934.4876703013426,485.52394089146867,418.58875438126734
MinEggHolderFunction,RadiusLimitedPopulationSampler,15,0.342037,5000,-946.6671590550715,467.8718282484656,443.58349448935724
MinEggHolderFunction,RadiusLimitedPopulationSampler,15,0.34358,5000,-959.2705957564275,499.0353940155927,428.7307624260687
MinEggHolderFunction,RadiusLimitedPopulationSampler,15,0.341739,5000,-950.6253571404337,490.3157209448549,419.591309278645
MinEggHolderFunction,RadiusLimitedPopulationSampler,20,0.343959,5000,-938.7185320947724,507.358877285606,437.9317301951763
MinEggHolderFunction,RadiusLimitedPopulationSampler,20,0.346054,5000,-951.6838356960012,488.2313210705907,420.1224278460993
MinEggHolderFunction,RadiusLimitedPopulationSampler,20,0.346043,5000,-962.3668500982976,493.90305228443975,424.22040840183547
MinEggHolderFunction,RadiusLimitedPopulationSampler,20,0.346821,5000,-931.263249582642,473.78375053365386,447.15882656247845
MinEggHolderFunction,RadiusLimitedPopulationSampler,20,0.348459,5000,-929.9009193976246,472.19228768315605,449.09682661974375
MinEggHolderFunction,RadiusLimitedPopulationSampler,25,0.349989,5000,-927.1927964269448,500.5829169792534,427.6064112353189
MinEggHolderFunction,RadiusLimitedPopulationSampler,25,0.348402,5000,-952.7486755934001,497.9488720710432,426.68161355785054
MinEggHolderFunction,RadiusLimitedPopulationSampler,25,0.357777,5000,-915.456260141465,483.970242093642,417.9987862223013
MinEggHolderFunction,RadiusLimitedPopulationSampler,25,0.352905,5000,-949.7228320190013,495.09699524915624,428.00026202059854
MinEggHolderFunction,RadiusLimitedPopulationSampler,25,0.354405,5000,-945.096163084434,497.7587085023002,430.82352136270606
MinEggHolderFunction,RadiusLimitedPopulationSampler,50,0.362236,5000,-948.2451058105166,489.95029992929574,419.0691807228877
MinEggHolderFunction,RadiusLimitedPopulationSampler,50,0.370315,5000,-961.285414510498,493.8053212920322,423.8401808424362
MinEggHolderFunction,RadiusLimitedPopulationSampler,50,0.378413,5000,-953.807236829478,495.7226376557004,424.5626144401153
MinEggHolderFunction,RadiusLimitedPopulationSampler,50,0.38144,5000,-956.110165712503,489.7791209521414,420.08342616941866
MinEggHolderFunction,RadiusLimitedPopulationSampler,50,0.371261,5000,-956.0381323977879,492.8076466390464,425.10079223355217
MinEggHolderFunction,PopulationSampler,15,0.682836,10000,-953.371226781981,496.82335226144545,429.3339623795809
MinEggHolderFunction,PopulationSampler,15,0.698002,10000,-959.6543304220008,499.1629877044986,430.50166677429615
MinEggHolderFunction,PopulationSampler,15,0.712136,10000,-960.1282411603811,497.13605918204075,426.75969665519733
MinEggHolderFunction,PopulationSampler,15,0.682946,10000,-957.1921782762519,496.6967779723333,425.88734608088345
MinEggHolderFunction,PopulationSampler,15,0.65799,10000,-959.3737163381033,497.45729710464326,429.21984388790435
MinEggHolderFunction,RadiusLimitedPopulationSampler,5,0.676529,10000,-956.9236214719285,501.48698791043745,431.55442712476724
MinEggHolderFunction,RadiusLimitedPopulationSampler,5,0.680988,10000,-962.1644213035386,496.5480286386512,427.90029585575127
MinEggHolderFunction,RadiusLimitedPopulationSampler,5,0.676479,10000,-948.5306710586492,466.38298787167383,441.3941860382363
MinEggHolderFunction,RadiusLimitedPopulationSampler,5,0.68376,10000,-962.7635932679812,494.12755478830513,424.54337756640894
MinEggHolderFunction,RadiusLimitedPopulationSampler,5,0.707213,10000,-959.3203301603426,500.45933365515305,431.12166706304976
MinEggHolderFunction,RadiusLimitedPopulationSampler,10,0.68874,10000,-954.6151431603837,502.6669673794009,432.9457479760183
MinEggHolderFunction,RadiusLimitedPopulationSampler,10,0.68665,10000,-956.7315179325335,499.2835941457825,431.08890911995763
MinEggHolderFunction,RadiusLimitedPopulationSampler,10,0.685663,10000,-960.3260013825045,493.5931716321526,423.46800084725123
MinEggHolderFunction,RadiusLimitedPopulationSampler,10,0.685357,10000,-957.831662785047,499.6973434960863,431.2279960113607
MinEggHolderFunction,RadiusLimitedPopulationSampler,10,0.692685,10000,-944.3827195971135,465.64400599370805,442.0608409177926
MinEggHolderFunction,RadiusLimitedPopulationSampler,15,0.691506,10000,-961.4675522357054,492.24286986821016,423.2589774146034
MinEggHolderFunction,RadiusLimitedPopulationSampler,15,0.686235,10000,-909.1096989763867,403.85623864427555,479.0409336208986
MinEggHolderFunction,RadiusLimitedPopulationSampler,15,0.703959,10000,-959.0125705905286,490.5903076814233,421.50855362511976
MinEggHolderFunction,RadiusLimitedPopulationSampler,15,0.691028,10000,-949.0698509289301,493.47875328745783,422.0631420688922
MinEggHolderFunction,RadiusLimitedPopulationSampler,15,0.688724,10000,-961.6946174857104,498.84000360734444,429.52241046973614
MinEggHolderFunction,RadiusLimitedPopulationSampler,20,0.704881,10000,-963.2023447095374,496.65971978840787,427.60089816417724
MinEggHolderFunction,RadiusLimitedPopulationSampler,20,0.705665,10000,-949.3195107638273,502.7266829786354,431.778315076013
MinEggHolderFunction,RadiusLimitedPopulationSampler,20,0.7068,10000,-941.299842617183,468.76989289700924,445.2422963312257
MinEggHolderFunction,RadiusLimitedPopulationSampler,20,0.702875,10000,-957.7845324231632,490.6035112902311,420.88826083860613
MinEggHolderFunction,RadiusLimitedPopulationSampler,20,0.705159,10000,-960.0453235805971,498.3764921740093,428.10954788029085
MinEggHolderFunction,RadiusLimitedPopulationSampler,25,0.70608,10000,-960.0087210403651,495.3170943294374,424.9344308214279
MinEggHolderFunction,RadiusLimitedPopulationSampler,25,0.707208,10000,-947.5913708816984,468.19830463883375,443.19422816245475
MinEggHolderFunction,RadiusLimitedPopulationSampler,25,0.707226,10000,-957.628981898409,501.3781141373248,431.8870319233364
MinEggHolderFunction,RadiusLimitedPopulationSampler,25,0.711707,10000,-949.5087275196101,486.8002729518878,418.0666196654041
MinEggHolderFunction,RadiusLimitedPopulationSampler,25,0.719711,10000,-914.4140694756527,467.7072859676587,446.4109937944413
MinEggHolderFunction,RadiusLimitedPopulationSampler,50,0.735068,10000,-941.2685453465625,470.1153610084813,443.87766545418674
MinEggHolderFunction,RadiusLimitedPopulationSampler,50,0.770496,10000,-950.9274862658998,488.0583645561852,420.0137499483989
MinEggHolderFunction,RadiusLimitedPopulationSampler,50,0.751642,10000,-962.8636760905374,497.1115262433281,427.4452914663457
MinEggHolderFunction,RadiusLimitedPopulationSampler,50,0.748068,10000,-960.1985363571689,497.78362481108957,429.35651893758154
MinEggHolderFunction,RadiusLimitedPopulationSampler,50,0.755159,10000,-959.6777371899784,491.07947612286614,422.2604033451703
MinEggHolderFunction,PopulationSampler,15,1.779644,25000,-963.580845551909,495.6189157656193,426.35092801537866
MinEggHolderFunction,PopulationSampler,15,1.666722,25000,-963.5770238989433,495.49715544693197,426.25421157598936
MinEggHolderFunction,PopulationSampler,15,1.638456,25000,-963.5806179676339,495.644915931253,426.38373153006046
MinEggHolderFunction,PopulationSampler,15,1.641619,25000,-963.5774970861949,495.57804141409895,426.2803992708824
MinEggHolderFunction,PopulationSampler,15,1.675343,25000,-963.580494723649,495.60118320762365,426.3447652505601
MinEggHolderFunction,RadiusLimitedPopulationSampler,5,1.720099,25000,-963.5808500516778,495.6227692189606,426.355594264941
MinEggHolderFunction,RadiusLimitedPopulationSampler,5,1.732818,25000,-963.5808470486941,495.618509683841,426.3520177910022
MinEggHolderFunction,RadiusLimitedPopulationSampler,5,1.743055,25000,-963.580849078335,495.62383415671786,426.3561815219652
MinEggHolderFunction,RadiusLimitedPopulationSampler,5,1.72863,25000,-963.5808501264303,495.6221801107695,426.35502223293787
MinEggHolderFunction,RadiusLimitedPopulationSampler,5,1.755998,25000,-963.5808498396032,495.62249205509966,426.35562729949135
MinEggHolderFunction,RadiusLimitedPopulationSampler,10,1.774091,25000,-963.5808498592143,495.62257794346544,426.35569018776465
MinEggHolderFunction,RadiusLimitedPopulationSampler,10,1.830362,25000,-963.5808499839547,495.6217320211553,426.35439621043855
MinEggHolderFunction,RadiusLimitedPopulationSampler,10,1.740193,25000,-963.580832623423,495.63070017594293,426.36439347581336
MinEggHolderFunction,RadiusLimitedPopulationSampler,10,1.706036,25000,-963.5807474551598,495.5983256092683,426.3317587520733
MinEggHolderFunction,RadiusLimitedPopulationSampler,10,1.714913,25000,-963.580849931794,495.62232197942797,426.35490513633226
MinEggHolderFunction,RadiusLimitedPopulationSampler,15,1.702605,25000,-963.5808498740646,495.6226888125814,426.3557736430808
MinEggHolderFunction,RadiusLimitedPopulationSampler,15,1.703382,25000,-963.5808456592843,495.62090486419163,426.3525943834114
MinEggHolderFunction,RadiusLimitedPopulationSampler,15,1.699722,25000,-963.5808402705079,495.6272518327907,426.3612142730038
MinEggHolderFunction,RadiusLimitedPopulationSampler,15,1.713609,25000,-963.5808446328767,495.6181167237296,426.35018539734494
MinEggHolderFunction,RadiusLimitedPopulationSampler,15,1.711893,25000,-963.5808483749523,495.62515568638867,426.3580534149922
MinEggHolderFunction,RadiusLimitedPopulationSampler,20,1.728854,25000,-963.5808474707858,495.62253366447806,426.35632189318164
MinEggHolderFunction,RadiusLimitedPopulationSampler,20,1.739939,25000,-963.580820396059,495.6304897776762,426.3605298129445
MinEggHolderFunction,RadiusLimitedPopulationSampler,20,1.727284,25000,-963.58084193884,495.62719516906805,426.36093703998705
MinEggHolderFunction,RadiusLimitedPopulationSampler,20,1.724823,25000,-963.5808379400703,495.62921197725774,426.3607073855903
MinEggHolderFunction,RadiusLimitedPopulationSampler,20,1.772355,25000,-963.5808489045015,495.6226381096568,426.3548232563752
MinEggHolderFunction,RadiusLimitedPopulationSampler,25,1.757892,25000,-963.5807083685067,495.6018868393313,426.33074058010055
MinEggHolderFunction,RadiusLimitedPopulationSampler,25,1.816548,25000,-963.5808451735759,495.62249962156704,426.356643658064
MinEggHolderFunction,RadiusLimitedPopulationSampler,25,1.77898,25000,-963.5807634551381,495.63837894429975,426.36682884722757
MinEggHolderFunction,RadiusLimitedPopulationSampler,25,1.751009,25000,-963.5806478722595,495.59301025673517,426.3229642810971
MinEggHolderFunction,RadiusLimitedPopulationSampler,25,1.759248,25000,-963.5807246678796,495.60843300490444,426.3362150319141
MinEggHolderFunction,RadiusLimitedPopulationSampler,50,1.818245,25000,-963.5808465650896,495.626542204353,426.3593182725641
MinEggHolderFunction,RadiusLimitedPopulationSampler,50,1.874345,25000,-963.5808200338721,495.6261798227769,426.35577320602215
MinEggHolderFunction,RadiusLimitedPopulationSampler,50,1.908997,25000,-963.5799247933185,495.61234341176333,426.3634253741015
MinEggHolderFunction,RadiusLimitedPopulationSampler,50,1.882993,25000,-963.5800922519276,495.6253906982272,426.37434681751455
MinEggHolderFunction,RadiusLimitedPopulationSampler,50,1.776266,25000,-963.5800781036937,495.65509988972354,426.3723287257954
